"#classes to predict","#features","#instances","Class","max correlation","max normality test","max randomness test","max variance","mean correlation","mean normality test","mean randomness test","mean variance","min correlation","min normality test","min randomness test","min variance","relative scale diff"
23.0,9.0,4172.0,"Multi-Layer Perceptron",0.9867529857322722,0.03398187623764167,5.166416144703078e-248,10.167537268499848,0.6185253361683569,0.0037757640264046302,5.740873705787016e-249,1.2433362337786027,-0.04178578855961045,0.0,0.0,0.0017414162432010478,0.023333333333333334
2.0,11.0,699.0,"Random Forest",0.9068819130525921,5.179659153089584e-10,0.0,380262351292.2462,0.44743278612581816,4.7094476706614096e-11,0.0,34569304668.78622,-0.0802256470510564,9.477026792360342e-295,0.0,0.9036248390813844,1.4933488482323006e-07
3.0,43.0,67557.0,"Random Forest",0.560938679757826,8.735467265426088e-15,0.0,0.7017793176555536,-0.014342882056772945,2.0315040152153693e-16,0.0,0.291460402455964,-0.31025992756014054,0.0,0.0,0.0020404398761617055,1.0
4.0,7.0,1728.0,"Multi-Layer Perceptron",0.05142422396992453,0.6054995647218673,0.0,1.25,-0.010811296269928513,0.5189996269044578,0.0,0.9309773356359011,-0.29946829781880935,1.461322288860441e-50,0.0,0.6666666666666666,0.6666666666666666
2.0,23.0,8124.0,"Random Forest","",0.606307687576328,0.0,12.53259879305501,"",0.027673600960594437,0.0,2.236456796856335,"",0.0,0.0,0.0,0.0
3.0,25.0,400.0,"Random Forest",0.7513347946172628,0.5610450484308912,0.0,2824.022343749995,0.019404446644094162,0.03053468972925613,0.0,298.07179649999995,-0.6747836696732399,9.723621765823887e-88,0.0,0.06297499999999982,0.0136986301369863
2.0,15.0,32561.0,"Random Forest",0.3591529424109706,1.3251066311019921e-165,0.0,11140455640.25591,0.015240506374168237,8.834044207349009e-167,0.0,746343954.9060993,-0.5824536900498344,0.0,0.0,0.18282031448878525,6.791540457206504e-07
2.0,5.0,1372.0,"K-Nearest Neighbour",0.31884088768744556,0.003663792385447802,0.0,34.420603477292566,-0.18714542682201224,0.0007327584785618498,0.0,13.143360512539655,-0.7868952243065794,1.4409705508944682e-49,0.0,0.24693155062941152,0.037418567841734425
